prob,Year1,Year2,Year3,Year4,Year5,Year6,Year7,Year8,Year9,Year10,Year11,Year12,Year13,Year14,Year15,Year16,Year17,Year18,Year19,Year20,Year21,Year22,Year23,Year24,Year25,Year26,Year27,Year28,Year29,Year30
0.002530177114116637,,,,,,43-91-14,,43-33,,,,,,,57,,18,,58,,,,70-81,,,3,,,,
0.01841737929393935,,88,,,,51,,,63,74,,,,52,,,,,,91-83,,77,,,,,,,14,
0.006040885269884547,,,,27,33,,59,,,87,1,,,81,89,81,,,3,,81,,,,,,,,33,74
0.009423511365619036,,,,35,,51,,,8,74,,,,50,27,,43,,,,,,20,63,91,,,,,
0.027075140518289877,,,,,20,,,14,97,74,,,65,,91,,,,,,,,,,52,33,,61,,
0.0011628537422674768,,6,,36-51,33,,91-87,,,,24,33,,,43-86-91,,81,14,,,,,3-16,,,82-81,,,,
0.015872101066634062,,33,,14,,83,,,,74-91,,36,94,,,52,63,,,11,,1-91,52,81,,,,,81,
0.003610992876063236,,,,,,,,47,16,,,,83,,,90,92,96,,91,,52,71,91,,,,,52,
0.012487964638741033,,60,49,,,91,,,,,,,,,,92,,,15,52,,43,,85,96,81,,63-91,52-91,
0.007930714851773622,,,,,,,81,91,,,,,,,8,,81,52,,72,,38,,36,,,,,96,92
0.020093274700578718,,,,79,,,,,,,84,,95,,86,14,,,,,,,91,,,,14-27,52,14,
0.01762277903337576,,14,,,52,1-48,,65,,,74,81,81,,52-16,81-92,,,,,,65,,,,,,,,
0.0012885154146981487,,80,,,,91,14-52,,,,,,,,,33,,84,13,,,,,91,84,,32,,,
0.013013846319547998,,4,,,,,,52,52,,,,,,91,,,52,,36,,,14,91,,,91,,,33
0.013730728552931348,,,,,,,,,,,,16-37,,14,,,,,,,,,,,,,,,,
0.019244136336941737,,,,,,,,,,,,,,14,,,33,,,,43,,,,6,,43,52,43,
0.007861964386218303,,,,,,,,11,,,,90,,,,,,,20,,,1,,,,51,,91-20,,
0.00632742068611702,,37,92,,,,,57,,,59,20,,14,,,,,,,,,,43,,,,,,92-92
0.006960765780070861,,,,,36,,,,69,,,,,69,43,,81,84,52-8,,,,,63,,,,,,
0.018514769748684615,,,,,,14,,,,,,,,,,,11-81,33,,1,,,52,1,,,33,,,85-52
0.01898361846817922,,,81,,,,,58,88,,,,,,11,50,,,,,,81,,95,,,,,,
0.005954462405604417,,,,,,69-14,,,52,82,,,,,,,,,,,58,43,63,,,33,60-27,,,
0.01963062386328514,84,33,38,92,36,,,,,,83,11,,57,,58,,,,,,,33,57,,31,,,,15
0.0032809169271791694,,4,,81,,,,95,,14,,16,1-95-41,,,81-49-52,,72-97,,,,,,,,70,,,,
0.00014436311401255767,,,,,14,96,,,,,,91,,,13,,69,52,,14,,,,,,,,,38,
0.00436177184510887,,,,,,84,,,,84,14,,,,,,84,8,81,,,43,57,70-33-14,,,,,,
0.005517067381256145,58,,,47-81,,81-14,,,,52,43,51,,52-11,,,,,16,61,,,,,,,11,,2,
0.007475194835999151,,36,84,,,,,,,,,,,84,,,1,74-81,28,,84,,,,,,58,,,52
0.00034718722541256285,,14,1,14,,90,33,,43,1,,,,,,,1,,,,,14,57,,89,57,,33,,
0.006989712171732168,,,,52,,,,,38,71,52,,,,,,,81,,38,20,,51-8,,,43-38,,,85,
0.0337347813319007,,,,,26,69,58,,,38-81,,,,74,,,,,,,,,70-58,,16,,,,91,
0.0016296164375574802,,81,91,,89,,,,84,,,,,,,91,,,81,74,97,,,,,,,,81,
0.007109780410705998,86,33,14,,,70,,63,81,,91,,,,85-14,15,85,,,,,,,,87,72,,,,
0.00855617914243377,,,,40-53-72-63,,,,52,,,,,40,,,,91,,,,8,,,,,,,,,
0.004152247092393179,,32,,,81,,,,,,14-32,85,,,,,81,20-74,,,,,,,,,,52,,95
0.0027563249716977536,,,,14-81,,43,,,,,,11,,,81,,16-57,,,,,,,61,,,,,,
0.008274708542586197,,,,,,,95-33,,,,,,,,,,,16,63,,25,,,,,,,,,
0.0012210000204504472,52,,,14,,1-70-36,91-48-33,,,,52,,52,,,,73,,63,,,,,51,43,,,14,,
0.012682642166923991,70,,52,91-52,1,,,,,,,96,,,,,,,,,,,,,,,81,,,
0.0016340925713713525,2-27,,,85,,,,,,,,,,,74,,33,11,,,,,95,,,,16,86-81,,
0.011085760762370302,81,81-81-14,25-96,,,21-20,,52,43-96-52,,,,,,,,,,,,,58,85-15,21,,,92,50,96,
0.01414332373813989,,,59-90,15,,,52-81,,,,1,,1-33,26,,,,,,,,33-91-52,,,,,,,,4
0.0010368304570507357,74,,52-47,,74,20,,,,,11-1,50,,26,,52,,57,53,15,85,,,,,,90,,,
0.0061748654563105534,11,,,,,,,57,18,81,1,,91-52,,1,11,50-57,35,,,14,,36-16,,,,,,52,
0.016796102974696633,3,,,71,14,81,,14-33,,,,81,,27,36-3,27,,,,,11,91,,,,43,,,,52
0.007407757275800139,50,,91,,33,,52-21,,81,,,,,8,,,,8,,,,52,,,,95,58,70,95-43,
0.0069704659927146305,,,,,,,,,,,,,,97,,,,,33,,,52,,,,,,,,
0.03337203669523122,52,,52,,18-33,43,,81,,,,,,,,,24,91,,52,,,,91,,,,,72,
0.048522853026141025,,,91,14,,,20,,,,,,14,,,52-52,,,,71,,20,,,,,14,,,
0.007098827400909121,,,,,,,,,,,,36,90,,,48,,,33-14,,,,,,,,,,,
0.014942253872523827,,,,,58,,81,,,81,27,,,,,27,83,,,,,,,,,95,52,52,33,
0.011709286265692377,,91,,,,,,,,,91,,58,,,,,,,,,,,,,,52,,90,
0.014929676573380925,,20,,,,,,,,,,,,,1,52,,,,,,,,,12,3,,,84,20
0.030587362226572226,,,,,79,4,,,81-33,,,52,95,,96,,,,,91,,,,81,,,,,,
0.004814204420008678,,20,,,1,,,91,72,,81,,,,,,14,33,,,52-56,,,38,84,,96,91,96,46-58
0.006957739153732983,81,92,,,,40,,,,,,27-47,43-74,84-52,74,,,,,,,52,61-27,,,,1-84,,,
0.0022884844396371022,33,,81,52,,,41,,,,,81,,,,52,,33,,52-34,64,81,,14,,,,,70,
0.016145821818878883,52-52,,14,,,,,,,,92-35,,,,,,,,,,13,52,,,,,33,,63,
0.014127900358289485,,,,,,48-33,,8,,,,,,81,,,,,,94,33,33,,,23,,,,,
0.0019467833667192029,,,81,97,,95,,92-33,43,1-91,,,,,,43,,,,34,81,,,1-4,,,,,,
0.004778805179475828,,91,,57,33-79-46,,,,,71,,70,,,,,,,79,,63,,,,,,33,,,
0.0274694799342364,,,81,8,,,,,,,,,,,,,,,,,,,,8,,,,,58,8
0.013492426309224662,,33,,,,,,,,52,14,,38,,,,66,,33,,,,43,8,90-97,,,14,90,
0.0016073502835163142,,14,,,,74,,,,,,,,91,13,,36,52-33,52-65-92,,,,,50-49,91,,,8,92,
0.030000001424923546,,,,,,,,55,,,,,,,,,,,,,,,,,,,4-84,,,20-36
0.0013906935677713925,,,,,,,,69,,,,85-96,,65,,,,33-74,,40,33,,74,,36,,80,71,,
0.010753257105512178,,16,,,,,,,,,,70,,,90,,,,,36,,,16,,,,,,,16
0.01861357148315246,,,,,,,,15,,48,33,,33,34,61,52,61,58,,,92-20,,,,,,33-14,,,
0.00453744561461615,,,8,,,,,,33,,,1-20,,,,91,,,,,74,,81,,,18,,74,52,
0.021423891814189144,,,58-18,,51,,,,,,,,,,,,81,,,,47-33,81,,,95,1,,,,
0.011857923540340543,38,,83,,,,,,,,31,,,,,8-33-74,11,92,,,,,,61,,,,,,96
0.00042072262438280257,,,,,,,,,,,,70,,71-51,,,,21,20,,14,,81,11,81,52,,14-52,,
0.004296644576319652,,28,,33,,,,33,,,87,74,,50,,,52,96,,36,,57-69,,,79,,,,,
0.010581145469951795,91,,,52,,43,,,,,,,,,,,33,,,,33,14,52,48,52,,33,72,,
0.0025246429640026864,,,,,,,,,,,61,,57,,,71,,,,,,50,15,,,33,,,,
0.0014648556150039865,,91,,,,,,,,,39,,,43,,,72-95,,,,4,91-56,,,58,,,,,
0.008635150666890412,,28,41-95,,,,61,,,,,,,95,66,11-91,81,,,,,72,,,69,,,,,15
0.009593009599484505,,,33,49,,,,,74-67,,,91,,,,,,,,,,,81,33,,,,,33,
0.0015545905161784223,,52,33,95,8,,,33,,,,,,,,,,,,,52,,27,,,14-52,33-18,,70,91
0.0015153799880012633,,,,,43,49,,,52,,69,,33-51,15-43,,,71,,,50,83,49,,52-82,,,,,,11
0.0006594036133537308,,71,,,,83,,,,,,,20,,,,33,58,38,15,,,,,,84,,,,
0.013128465450472889,16,,,,,,,,,,,,,,,15,12,,,,,,60,87,,,,52,,
0.02136730528905039,,,,57-57,15-91,36-65,,14,,,,,,,,52,,80,,,63,,82,,50,,,,,
0.0043347691254011994,,,,,,,,,,,57,,,14,,,,52,,,,,,,,,60,,,77
0.003936212224404238,,52,,,,,,,,66,81,14,,,,66,16,,,,,,14,,,88,,,,
0.010315278219039256,,,,,,,95,,95-43,60,,,11,,,,,,,14,40,95,,,,91,,,,
0.002128913748403404,,14,,,,,,91,81,,,45-57-81,,,,16-74,50,,,,,33,52,,33,,91,,,
0.018118505639572114,,,,,,,,,,33,64,91,,,91,,11,,48,,,,,,52,,,,,
0.007247853005582998,,33-20,,,,,,26,36,14,,77,,,,,,,43,,,,,,,14,91-15-40-1,,84,8
0.002796260987848139,,,52,,,,,,,87-72,50,,,,,33,92-14,,14,83,43-89,,,1,,,,,1,
0.01752308423232335,43-31,,,,,81,,,,,,,,,,,,,,,,,,,,92-14,20,,52-81,52
0.005953487153403615,,,,80,,,70,,,52,33,,,,,,,70,,81,,,,,,52,,,52-12-97,
0.02033033840379201,41,14,96,,,,,,,,4,,81,91,70-52,,,,,70,81,,,,,,,,,52
0.01535233589753312,61,,,52,,40,81,,,61-81,,,81,,,33,,,33,40,,,,,,,,91,,
0.0002248887619957455,14,,33,,52,96,,39,,,,,,,11,,,,91-40,,,,52,,,,,,,
0.007903265222484773,,,,,,,,,,84-33,,,,,,33,,,,,,,,,,33,,,39,
0.007464095851081103,,,,52,,,72-38,,,,,1,,33,,,,,45,,,,,,20,,,,,
